{
  "add" : {
    "transaction" : "add",
    "sampleCount" : 36673,
    "errorCount" : 0,
    "errorPct" : 0.0,
    "meanResTime" : 1048.0560085076183,
    "medianResTime" : 1099.0,
    "minResTime" : 3.0,
    "maxResTime" : 2828.0,
    "pct1ResTime" : 1489.0,
    "pct2ResTime" : 1644.0,
    "pct3ResTime" : 1937.9700000000048,
    "throughput" : 302.64493501134723,
    "receivedKBytesPerSec" : 175.13453876108935,
    "sentKBytesPerSec" : 104.60146095523004
  },
  "Total" : {
    "transaction" : "Total",
    "sampleCount" : 111032,
    "errorCount" : 0,
    "errorPct" : 0.0,
    "meanResTime" : 1042.0846872973568,
    "medianResTime" : 1145.0,
    "minResTime" : 1.0,
    "maxResTime" : 3369.0,
    "pct1ResTime" : 1507.0,
    "pct2ResTime" : 1658.0,
    "pct3ResTime" : 1965.900000000016,
    "throughput" : 915.4484817004296,
    "receivedKBytesPerSec" : 2962.174566124667,
    "sentKBytesPerSec" : 192.7854441453948
  },
  "get" : {
    "transaction" : "get",
    "sampleCount" : 37341,
    "errorCount" : 0,
    "errorPct" : 0.0,
    "meanResTime" : 1023.6737098631563,
    "medianResTime" : 1073.0,
    "minResTime" : 1.0,
    "maxResTime" : 3369.0,
    "pct1ResTime" : 1483.0,
    "pct2ResTime" : 1630.0,
    "pct3ResTime" : 1937.9700000000048,
    "throughput" : 307.9543111624263,
    "receivedKBytesPerSec" : 82.66641227423612,
    "sentKBytesPerSec" : 41.50165521524886
  },
  "page" : {
    "transaction" : "page",
    "sampleCount" : 37018,
    "errorCount" : 0,
    "errorPct" : 0.0,
    "meanResTime" : 1054.740639688804,
    "medianResTime" : 1103.0,
    "minResTime" : 1.0,
    "maxResTime" : 2996.0,
    "pct1ResTime" : 1506.0,
    "pct2ResTime" : 1653.0,
    "pct3ResTime" : 1952.0,
    "throughput" : 305.3635358751423,
    "receivedKBytesPerSec" : 2705.9180625185604,
    "sentKBytesPerSec" : 46.81341403401498
  }
}